Region,År,Folkmängd,Förändring
Falkenberg,2000,38817,NA
Falkenberg,2001,38720,-97
Falkenberg,2002,38896,176
Falkenberg,2003,39145,249
Falkenberg,2004,39438,293
Falkenberg,2005,39605,167
Falkenberg,2006,39874,269
Falkenberg,2007,40164,290
Falkenberg,2008,40451,287
Falkenberg,2009,40739,288
Falkenberg,2010,41008,269
Falkenberg,2011,41304,296
Falkenberg,2012,41423,119
Falkenberg,2013,41912,489
Falkenberg,2014,42433,521
Falkenberg,2015,42949,516
Falkenberg,2016,43867,918
Falkenberg,2017,44195,328
Falkenberg,2018,44701,506
Falkenberg,2019,45367,666
Falkenberg,2020,46051,684
Falkenberg,2021,46773,722
Falkenberg,2022,47017,244
Falkenberg,2023,47108,91
Falkenberg,2024,47337,229
Falkenberg,2025,47323,-14
Falkenberg,2026,47492.44519406602,169.44519406602194
Falkenberg,2027,47636.34454827495,143.89935420893016
Falkenberg,2028,47744.57754112937,108.23299285442044
Falkenberg,2029,47850.68925032378,106.11170919441065
Falkenberg,2030,47993.26705486243,142.5778045386469
Falkenberg,2031,48135.03464847789,141.76759361546283
Falkenberg,2032,48278.18312979377,143.14848131587496
Falkenberg,2033,48423.86215854793,145.67902875415894
Falkenberg,2034,48568.22439040184,144.36223185391282
Falkenberg,2035,48713.42991866084,145.20552825900086
Falkenberg,2036,48859.455699003884,146.02578034304315
Falkenberg,2037,49007.98473266994,148.5290336660546
Falkenberg,2038,49160.1465947877,152.1618621177622
Falkenberg,2039,49317.71984184491,157.57324705721112
Falkenberg,2040,49481.509411690386,163.78956984547403
Hallands län,2000,275004,NA
Hallands län,2001,276653,1649
Hallands län,2002,278551,1898
Hallands län,2003,281322,2771
Hallands län,2004,283788,2466
Hallands län,2005,285868,2080
Hallands län,2006,288859,2991
Hallands län,2007,291393,2534
Hallands län,2008,293572,2179
Hallands län,2009,296825,3253
Hallands län,2010,299484,2659
Hallands län,2011,301724,2240
Hallands län,2012,304116,2392
Hallands län,2013,306840,2724
Hallands län,2014,310665,3825
Hallands län,2015,314784,4119
Hallands län,2016,320333,5549
Hallands län,2017,324825,4492
Hallands län,2018,329352,4527
Hallands län,2019,333848,4496
Hallands län,2020,336748,2900
Hallands län,2021,340243,3495
Hallands län,2022,342805,2562
Hallands län,2023,343746,941
Hallands län,2024,345074,1328
Hallands län,2025,346088,1014
Hallands län,2026,347182.98992366664,1094.9899236666388
Hallands län,2027,348040.7164155897,857.7264919230365
Hallands län,2028,348596.4303365719,555.7139209822053
Hallands län,2029,349141.81425346504,545.383916893159
Hallands län,2030,349997.1574961685,855.3432427034713
Hallands län,2031,350861.76574393455,864.6082477660384
Hallands län,2032,351753.2085217766,891.4427778420504
Hallands län,2033,352684.78833734785,931.5798155712546
Hallands län,2034,353616.6494090747,931.8610717268311
Hallands län,2035,354566.61403868336,949.9646296086721
Hallands län,2036,355540.0337984666,973.4197597832535
Hallands län,2037,356546.78826864477,1006.754470178159
Hallands län,2038,357596.7919959939,1050.0037273491034
Hallands län,2039,358700.6223183309,1103.8303223370458
Hallands län,2040,359865.1374054712,1164.5150871402584
Halmstad,2000,85200,NA
Halmstad,2001,85742,542
Halmstad,2002,86585,843
Halmstad,2003,87372,787
Halmstad,2004,87929,557
Halmstad,2005,88224,295
Halmstad,2006,88958,734
Halmstad,2007,89727,769
Halmstad,2008,90241,514
Halmstad,2009,91087,846
Halmstad,2010,91800,713
Halmstad,2011,92294,494
Halmstad,2012,93231,937
Halmstad,2013,94084,853
Halmstad,2014,95532,1448
Halmstad,2015,96952,1420
Halmstad,2016,98538,1586
Halmstad,2017,99752,1214
Halmstad,2018,101268,1516
Halmstad,2019,102767,1499
Halmstad,2020,103754,987
Halmstad,2021,104573,819
Halmstad,2022,105148,575
Halmstad,2023,105796,648
Halmstad,2024,106084,288
Halmstad,2025,106311,227
Halmstad,2026,106636.95029838142,325.95029838141636
Halmstad,2027,106885.20972891981,248.25943053839728
Halmstad,2028,107032.70920394524,147.49947502542636
Halmstad,2029,107196.87757478717,164.16837084192957
Halmstad,2030,107505.42052325992,308.54294847275014
Halmstad,2031,107822.57850147212,317.15797821219894
Halmstad,2032,108147.83187452708,325.25337305496214
Halmstad,2033,108480.80388550322,332.97201097614015
Halmstad,2034,108803.99847563222,323.1945901290019
Halmstad,2035,109121.71072244024,317.7122468080197
Halmstad,2036,109436.21274014951,314.5020177092665
Halmstad,2037,109751.52455743428,315.3118172847753
Halmstad,2038,110071.95490197936,320.4303445450787
Halmstad,2039,110400.79041824308,328.8355162637163
Halmstad,2040,110740.12927826887,339.3388600257895
Hylte,2000,10479,NA
Hylte,2001,10493,14
Hylte,2002,10401,-92
Hylte,2003,10377,-24
Hylte,2004,10432,55
Hylte,2005,10368,-64
Hylte,2006,10371,3
Hylte,2007,10257,-114
Hylte,2008,10273,16
Hylte,2009,10277,4
Hylte,2010,10177,-100
Hylte,2011,10126,-51
Hylte,2012,10032,-94
Hylte,2013,10001,-31
Hylte,2014,10278,277
Hylte,2015,10514,236
Hylte,2016,10954,440
Hylte,2017,10990,36
Hylte,2018,10914,-76
Hylte,2019,10815,-99
Hylte,2020,10649,-166
Hylte,2021,10619,-30
Hylte,2022,10464,-155
Hylte,2023,10299,-165
Hylte,2024,10196,-103
Hylte,2025,10094,-102
Hylte,2026,9979.508498281104,-114.49150171889596
Hylte,2027,9869.356659887788,-110.15183839331621
Hylte,2028,9758.29520871383,-111.06145117395863
Hylte,2029,9657.275444642371,-101.01976407145776
Hylte,2030,9579.764893386111,-77.51055125626044
Hylte,2031,9510.476571201365,-69.288322184746
Hylte,2032,9449.175015700223,-61.3015555011425
Hylte,2033,9394.945937952347,-54.229077747875635
Hylte,2034,9346.591625115983,-48.35431283636353
Hylte,2035,9303.759777308715,-42.83184780726879
Hylte,2036,9266.689761507929,-37.07001580078577
Hylte,2037,9234.882081791236,-31.80767971669229
Hylte,2038,9207.95371943681,-26.92836235442701
Hylte,2039,9186.010235316677,-21.94348412013278
Hylte,2040,9169.120629621972,-16.889605694705097
Kungsbacka,2000,65113,NA
Kungsbacka,2001,65877,764
Kungsbacka,2002,66573,696
Kungsbacka,2003,67653,1080
Kungsbacka,2004,68696,1043
Kungsbacka,2005,69817,1121
Kungsbacka,2006,71044,1227
Kungsbacka,2007,71942,898
Kungsbacka,2008,72676,734
Kungsbacka,2009,73938,1262
Kungsbacka,2010,75025,1087
Kungsbacka,2011,75954,929
Kungsbacka,2012,76786,832
Kungsbacka,2013,77390,604
Kungsbacka,2014,78219,829
Kungsbacka,2015,79144,925
Kungsbacka,2016,80442,1298
Kungsbacka,2017,81986,1544
Kungsbacka,2018,83348,1362
Kungsbacka,2019,84395,1047
Kungsbacka,2020,84930,535
Kungsbacka,2021,85301,371
Kungsbacka,2022,85801,500
Kungsbacka,2023,85653,-148
Kungsbacka,2024,85792,139
Kungsbacka,2025,86333,541
Kungsbacka,2026,86463.829115486,130.82911548600532
Kungsbacka,2027,86522.63024047638,58.80112499037932
Kungsbacka,2028,86495.84632393888,-26.78391653750441
Kungsbacka,2029,86447.29855751715,-48.547766421732376
Kungsbacka,2030,86448.5186082975,1.2200507803499931
Kungsbacka,2031,86451.47897202225,2.960363724749186
Kungsbacka,2032,86466.86412857973,15.38515655748779
Kungsbacka,2033,86504.33059150886,37.46646292912192
Kungsbacka,2034,86558.04008924491,53.70949773605389
Kungsbacka,2035,86634.84303648389,76.80294723897532
Kungsbacka,2036,86735.64615247434,100.80311599044944
Kungsbacka,2037,86861.83253560847,126.18638313413248
Kungsbacka,2038,87014.81717184099,152.98463623251882
Kungsbacka,2039,87196.49869592157,181.68152408058813
Kungsbacka,2040,87408.6005494273,212.10185350572283
Laholm,2000,22747,NA
Laholm,2001,22749,2
Laholm,2002,22750,1
Laholm,2003,22883,133
Laholm,2004,22955,72
Laholm,2005,23037,82
Laholm,2006,23153,116
Laholm,2007,23189,36
Laholm,2008,23258,69
Laholm,2009,23345,87
Laholm,2010,23390,45
Laholm,2011,23470,80
Laholm,2012,23458,-12
Laholm,2013,23517,59
Laholm,2014,23781,264
Laholm,2015,24195,414
Laholm,2016,24664,469
Laholm,2017,25147,483
Laholm,2018,25491,344
Laholm,2019,25903,412
Laholm,2020,25967,64
Laholm,2021,26319,352
Laholm,2022,26575,256
Laholm,2023,26565,-10
Laholm,2024,26595,30
Laholm,2025,26566,-29
Laholm,2026,26625.816864802444,59.81686480244389
Laholm,2027,26668.472182103527,42.655317301083414
Laholm,2028,26690.190232115685,21.71805001215762
Laholm,2029,26711.310541612722,21.120309497036942
Laholm,2030,26751.84190779122,40.53136617849668
Laholm,2031,26792.301110453205,40.45920266198664
Laholm,2032,26833.975636718416,41.67452626521117
Laholm,2033,26878.042617908694,44.06698119027715
Laholm,2034,26921.090187347814,43.04756943912071
Laholm,2035,26964.615054376056,43.524867028241715
Laholm,2036,27009.033109103264,44.41805472720807
Laholm,2037,27055.47141623769,46.438307134427305
Laholm,2038,27104.69543953247,49.224023294777
Laholm,2039,27158.296103032415,53.60066349994668
Laholm,2040,27216.924498542277,58.62839550986246
Riket,2000,8882792,NA
Riket,2001,8909128,26336
Riket,2002,8940788,31660
Riket,2003,8975670,34882
Riket,2004,9011392,35722
Riket,2005,9047752,36360
Riket,2006,9113257,65505
Riket,2007,9182927,69670
Riket,2008,9256347,73420
Riket,2009,9340682,84335
Riket,2010,9415570,74888
Riket,2011,9482855,67285
Riket,2012,9555893,73038
Riket,2013,9644864,88971
Riket,2014,9747355,102491
Riket,2015,9851017,103662
Riket,2016,9995153,144136
Riket,2017,10120242,125089
Riket,2018,10230185,109943
Riket,2019,10327589,97404
Riket,2020,10379295,51706
Riket,2021,10452326,73031
Riket,2022,10521556,69230
Riket,2023,10551707,30151
Riket,2024,10587710,36003
Riket,2025,10605526,17816
Riket,2026,10617229,11703
Riket,2027,10590195,-27034
Riket,2028,10595683,5488
Riket,2029,10607632,11949
Riket,2030,10633822,26190
Riket,2031,10660739,26917
Riket,2032,10688729,27990
Riket,2033,10717978,29249
Riket,2034,10747029,29051
Riket,2035,10776335,29306
Riket,2036,10806015,29680
Riket,2037,10836448,30433
Riket,2038,10867945,31497
Riket,2039,10900804,32859
Riket,2040,10935214,34410
Varberg,2000,52648,NA
Varberg,2001,53072,424
Varberg,2002,53346,274
Varberg,2003,53892,546
Varberg,2004,54338,446
Varberg,2005,54817,479
Varberg,2006,55459,642
Varberg,2007,56114,655
Varberg,2008,56673,559
Varberg,2009,57439,766
Varberg,2010,58084,645
Varberg,2011,58576,492
Varberg,2012,59186,610
Varberg,2013,59936,750
Varberg,2014,60422,486
Varberg,2015,61030,608
Varberg,2016,61868,838
Varberg,2017,62755,887
Varberg,2018,63630,875
Varberg,2019,64601,971
Varberg,2020,65397,796
Varberg,2021,66658,1261
Varberg,2022,67800,1142
Varberg,2023,68325,525
Varberg,2024,69070,745
Varberg,2025,69462,392
Varberg,2026,69984.43995264967,522.4399526496709
Varberg,2027,70458.70305592724,474.263103277568
Varberg,2028,70874.81182672885,416.108770801613
Varberg,2029,71278.36288458185,403.55105785299384
Varberg,2030,71718.34450857132,439.9816239894717
Varberg,2031,72149.89594030776,431.5514317364432
Varberg,2032,72577.17873645737,427.28279614960775
Varberg,2033,73002.80314592681,425.62440946944116
Varberg,2034,73418.70464133195,415.9014954051381
Varberg,2035,73828.25552941357,409.55088808161963
Varberg,2036,74232.99633622769,404.74080681412306
Varberg,2037,74635.09294490315,402.09660867546336
Varberg,2038,75037.22416841658,402.13122351342463
Varberg,2039,75441.30702397227,404.08285555569455
Varberg,2040,75848.8530379204,407.54601394812926
